agency,requests,share_of_volume_pct,still_open,median_hours,p90_hours,cohort_n,closed_within_7d_pct,backlog_rank
NYPD,150673,47.4,7,1.4,7.1,128278,100.0,14
HPD,55615,17.5,17144,129.5,381.8,45054,43.4,1
DSNY,28878,9.1,1800,41.7,120.9,24931,91.0,7
DOT,21459,6.7,5407,49.7,240.1,17683,56.8,3
DPR,18095,5.7,10932,27.8,259.5,13216,28.5,2
DEP,17950,5.6,3692,22.3,168.5,14914,73.7,5
DOHMH,7921,2.5,3954,93.8,361.5,6693,34.4,4
DOB,5614,1.8,535,54.5,300.0,5093,71.0,9
DHS,5453,1.7,318,5.2,17.1,4340,92.5,12
TLC,3329,1.0,2742,76.5,133.7,2697,17.9,6
DCWP,2006,0.6,1154,35.0,505.2,1681,34.3,8
EDC,484,0.2,484,,,395,0.0,10
OOS,433,0.1,364,194.3,458.9,372,8.1,11
OTI,26,0.0,20,76.4,221.8,21,23.8,13
