complaint_type,lead_agency,requests,still_open,median_hours,p90_hours,closed_within_7d_pct
Illegal Parking,NYPD,53276,3,1.7,8.2,100.0
Noise - Residential,NYPD,31602,3,1.2,6.1,100.0
Noise - Street/Sidewalk,NYPD,19039,0,1.0,5.1,100.0
Blocked Driveway,NYPD,16331,0,1.7,8.1,100.0
UNSANITARY CONDITION,HPD,14192,4622,159.7,407.5,37.0
Street Condition,DOT,7572,865,41.8,146.5,83.7
Dirty Condition,DSNY,6962,328,49.5,126.3,92.6
PAINT/PLASTER,HPD,6595,1780,129.0,362.2,46.9
PLUMBING,HPD,6588,2091,127.6,376.3,43.6
Abandoned Vehicle,NYPD,6476,0,2.4,10.2,100.0
Damaged Tree,DPR,6089,2916,25.9,145.1,33.8
Noise,DEP,5915,661,55.7,177.6,77.1
Noise - Commercial,NYPD,5874,0,0.9,4.3,100.0
Noise - Vehicle,NYPD,5414,0,0.9,4.7,100.0
Encampment,NYPD,5372,315,2.2,9.9,93.3
Water Maintenance,DEP,5212,865,7.1,110.5,80.7
HEAT/HOT WATER,HPD,4862,296,34.4,79.5,92.9
WATER LEAK,HPD,4825,1747,143.4,383.5,40.4
DOOR/WINDOW,HPD,4572,1655,154.9,402.8,36.5
Street Light Condition,DOT,4477,2334,203.4,239.9,12.6
Illegal Dumping,DSNY,4119,175,51.8,145.1,90.1
GENERAL,HPD,4050,1507,173.5,452.9,31.0
Homeless Person Assistance,DHS,3774,4,4.7,17.0,99.9
Traffic Signal Condition,DOT,3590,247,2.4,36.2,92.9
Overgrown Tree/Branches,DPR,3491,3070,65.5,313.1,10.3
Missed Collection,DSNY,3330,40,42.6,96.6,98.3
Sewer Maintenance,DEP,3083,641,4.6,91.8,80.7
ELECTRIC,HPD,3065,943,118.2,378.7,46.9
Derelict Vehicles,DSNY,2960,3,22.2,69.4,99.6
Maintenance or Facility,DPR,2934,1464,147.0,384.3,26.1
FLOORING/STAIRS,HPD,2733,926,170.4,406.9,33.6
Rodent,DOHMH,2670,1059,156.5,376.9,33.2
Sidewalk Condition,DOT,2593,716,175.1,457.2,35.4
Obstruction,DSNY,2576,170,44.8,123.8,89.1
APPLIANCE,HPD,2500,1051,173.6,434.1,28.5
General Construction/Plumbing,DOB,2368,234,37.3,270.8,72.6
Vendor Enforcement,DSNY,2154,0,0.3,0.5,100.0
Non-Emergency Police Matter,NYPD,2126,0,1.6,7.6,100.0
Consumer Complaint,DCWP,2006,1154,35.0,505.2,34.3
Illegal Tree Damage,DPR,1738,959,20.8,52.6,45.8
Lead,DEP,1660,1217,159.1,446.4,18.0
For Hire Vehicle Complaint,TLC,1640,1638,45.9,168.1,0.1
Dead/Dying Tree,DPR,1392,1107,140.5,477.2,12.4
Residential Disposal Complaint,DSNY,1385,105,46.8,145.6,88.1
Food Establishment,DOHMH,1366,1308,185.6,627.5,2.0
Graffiti,DSNY,1311,605,86.7,254.8,46.9
Panhandling,NYPD,1290,0,0.8,4.7,100.0
SAFETY,HPD,1260,401,136.3,378.0,45.7
Elevator,DOB,1215,11,49.7,228.8,84.1
Traffic,NYPD,1162,0,0.7,4.6,100.0
Dead Animal,DSNY,1146,15,41.0,93.2,99.1
Root/Sewer/Sidewalk Condition,DPR,1126,1114,261.9,577.0,0.2
Air Quality,DEP,1098,64,31.8,137.8,92.6
Animal-Abuse,NYPD,1097,0,2.0,9.0,100.0
Indoor Air Quality,DOHMH,942,10,46.6,98.0,97.1
Noise - Park,NYPD,935,0,1.2,5.2,100.0
Curb Condition,DOT,793,406,387.1,526.3,1.3
Drug Activity,NYPD,788,0,1.2,6.2,100.0
Street Sweeping Complaint,DSNY,767,63,52.8,147.7,87.5
Building/Use,DOB,717,190,103.8,589.9,41.8
Lost Property,TLC,576,3,77.4,133.7,97.9
Smoking or Vaping,DOHMH,520,471,195.6,488.2,3.1
Drinking,NYPD,510,0,1.5,7.6,100.0
