day,weekday,opened,opened_7day_avg
2026-09-01,Tue,9721,9721.0
2026-09-02,Wed,9996,9859.0
2026-09-03,Thu,10671,10129.0
2026-09-04,Fri,10363,10188.0
2026-09-05,Sat,9212,9993.0
2026-09-06,Sun,10373,10056.0
2026-09-07,Mon,10541,10125.0
2026-09-08,Tue,11401,10365.0
2026-09-09,Wed,10950,10502.0
2026-09-10,Thu,10626,10495.0
2026-09-11,Fri,11430,10648.0
2026-09-12,Sat,11578,10986.0
2026-09-13,Sun,9474,10857.0
2026-09-14,Mon,11449,10987.0
2026-09-15,Tue,10273,10826.0
2026-09-16,Wed,11375,10886.0
2026-09-17,Thu,11241,10974.0
2026-09-18,Fri,11654,11006.0
2026-09-19,Sat,10632,10871.0
2026-09-20,Sun,8731,10765.0
2026-09-21,Mon,10421,10618.0
2026-09-22,Tue,10814,10695.0
2026-09-23,Wed,10941,10633.0
2026-09-24,Thu,10610,10543.0
2026-09-25,Fri,10891,10434.0
2026-09-26,Sat,8758,10167.0
2026-09-27,Sun,9121,10222.0
2026-09-28,Mon,11527,10380.0
2026-09-29,Tue,11648,10499.0
2026-09-30,Wed,11514,10581.0
