dow,hour_of_day,requests
0,0,2390
0,1,1696
0,2,1170
0,3,788
0,4,616
0,5,526
0,6,629
0,7,960
0,8,1310
0,9,1696
0,10,1794
0,11,1846
0,12,1980
0,13,1859
0,14,1853
0,15,1838
0,16,1757
0,17,1831
0,18,1810
0,19,1792
0,20,1951
0,21,2150
0,22,2128
0,23,1786
1,0,1488
1,1,931
1,2,666
1,3,489
1,4,512
1,5,606
1,6,871
1,7,1386
1,8,2244
1,9,2626
1,10,2806
1,11,2749
1,12,2633
1,13,2388
1,14,2464
1,15,2711
1,16,2303
1,17,2311
1,18,2101
1,19,2087
1,20,2206
1,21,2374
1,22,2186
1,23,1557
2,0,1501
2,1,903
2,2,601
2,3,504
2,4,531
2,5,727
2,6,1207
2,7,2365
2,8,3137
2,9,3799
2,10,3582
2,11,3547
2,12,3257
2,13,3177
2,14,3111
2,15,3104
2,16,3062
2,17,2887
2,18,2493
2,19,2382
2,20,2427
2,21,2523
2,22,2392
2,23,1809
3,0,1372
3,1,855
3,2,587
3,3,481
3,4,581
3,5,764
3,6,1302
3,7,2269
3,8,3230
3,9,3537
3,10,3503
3,11,3798
3,12,3258
3,13,3329
3,14,3249
3,15,3152
3,16,2999
3,17,2930
3,18,2767
3,19,2519
3,20,2545
3,21,2533
3,22,2568
3,23,1795
4,0,1032
4,1,661
4,2,424
4,3,347
4,4,462
4,5,592
4,6,974
4,7,1737
4,8,2489
4,9,2927
4,10,2892
4,11,3046
4,12,2776
4,13,2630
4,14,2613
4,15,2502
4,16,2301
4,17,2117
4,18,2103
4,19,2019
4,20,1911
4,21,2067
4,22,1857
4,23,1491
5,0,1141
5,1,772
5,2,544
5,3,350
5,4,415
5,5,546
5,6,982
5,7,1791
5,8,2500
5,9,3003
5,10,2999
5,11,2790
5,12,2670
5,13,2582
5,14,2615
5,15,2647
5,16,2432
5,17,2124
5,18,1995
5,19,1892
5,20,1937
5,21,2049
5,22,2395
5,23,2044
6,0,1855
6,1,1337
6,2,752
6,3,634
6,4,525
6,5,534
6,6,775
6,7,1093
6,8,1534
6,9,1995
6,10,2139
6,11,2057
6,12,1936
6,13,2034
6,14,1996
6,15,1889
6,16,1791
6,17,1946
6,18,1840
6,19,1911
6,20,2137
6,21,2306
6,22,2810
6,23,2795
